--
-- PostgreSQL database dump
--

-- Dumped from database version 15.3
-- Dumped by pg_dump version 15.3

-- Started on 2025-02-28 20:39:16

SET statement_timeout = 0;
SET lock_timeout = 0;
SET idle_in_transaction_session_timeout = 0;
SET client_encoding = 'UTF8';
SET standard_conforming_strings = on;
SELECT pg_catalog.set_config('search_path', '', false);
SET check_function_bodies = false;
SET xmloption = content;
SET client_min_messages = warning;
SET row_security = off;

--
-- TOC entry 3461 (class 1262 OID 85468)
-- Name: RusRoadsApp; Type: DATABASE; Schema: -; Owner: postgres
--

CREATE DATABASE "RusRoadsApp" WITH TEMPLATE = template0 ENCODING = 'UTF8' LOCALE_PROVIDER = libc LOCALE = 'Russian_Russia.1251';


ALTER DATABASE "RusRoadsApp" OWNER TO postgres;

\connect "RusRoadsApp"

SET statement_timeout = 0;
SET lock_timeout = 0;
SET idle_in_transaction_session_timeout = 0;
SET client_encoding = 'UTF8';
SET standard_conforming_strings = on;
SELECT pg_catalog.set_config('search_path', '', false);
SET check_function_bodies = false;
SET xmloption = content;
SET client_min_messages = warning;
SET row_security = off;

--
-- TOC entry 4 (class 2615 OID 2200)
-- Name: public; Type: SCHEMA; Schema: -; Owner: pg_database_owner
--

CREATE SCHEMA public;


ALTER SCHEMA public OWNER TO pg_database_owner;

--
-- TOC entry 3462 (class 0 OID 0)
-- Dependencies: 4
-- Name: SCHEMA public; Type: COMMENT; Schema: -; Owner: pg_database_owner
--

COMMENT ON SCHEMA public IS 'standard public schema';


SET default_tablespace = '';

SET default_table_access_method = heap;

--
-- TOC entry 236 (class 1259 OID 85613)
-- Name: Applicants; Type: TABLE; Schema: public; Owner: postgres
--

CREATE TABLE public."Applicants" (
    "Id" integer NOT NULL,
    "ReceiptDateResume" timestamp without time zone NOT NULL,
    "Direction" text,
    "ResumeFile" bytea,
    "EventId" integer
);


ALTER TABLE public."Applicants" OWNER TO postgres;

--
-- TOC entry 235 (class 1259 OID 85612)
-- Name: Applicants_Id_seq; Type: SEQUENCE; Schema: public; Owner: postgres
--

ALTER TABLE public."Applicants" ALTER COLUMN "Id" ADD GENERATED BY DEFAULT AS IDENTITY (
    SEQUENCE NAME public."Applicants_Id_seq"
    START WITH 1
    INCREMENT BY 1
    NO MINVALUE
    NO MAXVALUE
    CACHE 1
);


--
-- TOC entry 226 (class 1259 OID 85538)
-- Name: Comments; Type: TABLE; Schema: public; Owner: postgres
--

CREATE TABLE public."Comments" (
    "Id" integer NOT NULL,
    "Text" text NOT NULL,
    "DocumentId" integer,
    "AuthorId" integer NOT NULL,
    "DateСreated" timestamp without time zone NOT NULL,
    "DateUpdated" timestamp without time zone NOT NULL
);


ALTER TABLE public."Comments" OWNER TO postgres;

--
-- TOC entry 225 (class 1259 OID 85537)
-- Name: Comments_Id_seq; Type: SEQUENCE; Schema: public; Owner: postgres
--

ALTER TABLE public."Comments" ALTER COLUMN "Id" ADD GENERATED BY DEFAULT AS IDENTITY (
    SEQUENCE NAME public."Comments_Id_seq"
    START WITH 1
    INCREMENT BY 1
    NO MINVALUE
    NO MAXVALUE
    CACHE 1
);


--
-- TOC entry 216 (class 1259 OID 85475)
-- Name: Documents; Type: TABLE; Schema: public; Owner: postgres
--

CREATE TABLE public."Documents" (
    "Id" integer NOT NULL,
    "Title" text NOT NULL,
    "Category" text NOT NULL,
    "HasComments" boolean NOT NULL,
    "DateСreated" timestamp without time zone NOT NULL,
    "DateUpdated" timestamp without time zone NOT NULL
);


ALTER TABLE public."Documents" OWNER TO postgres;

--
-- TOC entry 215 (class 1259 OID 85474)
-- Name: Documents_Id_seq; Type: SEQUENCE; Schema: public; Owner: postgres
--

ALTER TABLE public."Documents" ALTER COLUMN "Id" ADD GENERATED BY DEFAULT AS IDENTITY (
    SEQUENCE NAME public."Documents_Id_seq"
    START WITH 1
    INCREMENT BY 1
    NO MINVALUE
    NO MAXVALUE
    CACHE 1
);


--
-- TOC entry 224 (class 1259 OID 85510)
-- Name: Employees; Type: TABLE; Schema: public; Owner: postgres
--

CREATE TABLE public."Employees" (
    "Id" integer NOT NULL,
    "Fio" text NOT NULL,
    "Birthday" timestamp without time zone NOT NULL,
    "SubdivisionId" integer NOT NULL,
    "ManagedId" integer,
    "JobPhone" text NOT NULL,
    "Phone" text NOT NULL,
    "Cabinet" text NOT NULL,
    "Email" character varying(255) NOT NULL,
    "HeadId" integer,
    "HelperId" integer,
    "Position" text,
    "DismissDate" timestamp without time zone
);


ALTER TABLE public."Employees" OWNER TO postgres;

--
-- TOC entry 223 (class 1259 OID 85509)
-- Name: Employees_Id_seq; Type: SEQUENCE; Schema: public; Owner: postgres
--

ALTER TABLE public."Employees" ALTER COLUMN "Id" ADD GENERATED BY DEFAULT AS IDENTITY (
    SEQUENCE NAME public."Employees_Id_seq"
    START WITH 1
    INCREMENT BY 1
    NO MINVALUE
    NO MAXVALUE
    CACHE 1
);


--
-- TOC entry 238 (class 1259 OID 85626)
-- Name: EventMaterials; Type: TABLE; Schema: public; Owner: postgres
--

CREATE TABLE public."EventMaterials" (
    "Id" integer NOT NULL,
    "EventId" integer NOT NULL,
    "MaterialId" integer NOT NULL
);


ALTER TABLE public."EventMaterials" OWNER TO postgres;

--
-- TOC entry 237 (class 1259 OID 85625)
-- Name: EventMaterials_Id_seq; Type: SEQUENCE; Schema: public; Owner: postgres
--

ALTER TABLE public."EventMaterials" ALTER COLUMN "Id" ADD GENERATED BY DEFAULT AS IDENTITY (
    SEQUENCE NAME public."EventMaterials_Id_seq"
    START WITH 1
    INCREMENT BY 1
    NO MINVALUE
    NO MAXVALUE
    CACHE 1
);


--
-- TOC entry 218 (class 1259 OID 85483)
-- Name: EventTypes; Type: TABLE; Schema: public; Owner: postgres
--

CREATE TABLE public."EventTypes" (
    "Id" integer NOT NULL,
    "Name" text NOT NULL
);


ALTER TABLE public."EventTypes" OWNER TO postgres;

--
-- TOC entry 217 (class 1259 OID 85482)
-- Name: EventTypes_Id_seq; Type: SEQUENCE; Schema: public; Owner: postgres
--

ALTER TABLE public."EventTypes" ALTER COLUMN "Id" ADD GENERATED BY DEFAULT AS IDENTITY (
    SEQUENCE NAME public."EventTypes_Id_seq"
    START WITH 1
    INCREMENT BY 1
    NO MINVALUE
    NO MAXVALUE
    CACHE 1
);


--
-- TOC entry 228 (class 1259 OID 85556)
-- Name: Events; Type: TABLE; Schema: public; Owner: postgres
--

CREATE TABLE public."Events" (
    "Id" integer NOT NULL,
    "EventTypeId" integer NOT NULL,
    "BeginDate" timestamp without time zone NOT NULL,
    "EndDate" timestamp without time zone NOT NULL,
    "Description" text,
    "EmployeeId" integer NOT NULL
);


ALTER TABLE public."Events" OWNER TO postgres;

--
-- TOC entry 227 (class 1259 OID 85555)
-- Name: Events_Id_seq; Type: SEQUENCE; Schema: public; Owner: postgres
--

ALTER TABLE public."Events" ALTER COLUMN "Id" ADD GENERATED BY DEFAULT AS IDENTITY (
    SEQUENCE NAME public."Events_Id_seq"
    START WITH 1
    INCREMENT BY 1
    NO MINVALUE
    NO MAXVALUE
    CACHE 1
);


--
-- TOC entry 230 (class 1259 OID 85574)
-- Name: Materials; Type: TABLE; Schema: public; Owner: postgres
--

CREATE TABLE public."Materials" (
    "Id" integer NOT NULL,
    "Name" text NOT NULL,
    "ApprovalDate" timestamp without time zone NOT NULL,
    "ModifireDate" timestamp without time zone NOT NULL,
    "Status" text NOT NULL,
    "Type" text NOT NULL,
    "Area" text NOT NULL,
    "AutorId" integer NOT NULL
);


ALTER TABLE public."Materials" OWNER TO postgres;

--
-- TOC entry 229 (class 1259 OID 85573)
-- Name: Materials_Id_seq; Type: SEQUENCE; Schema: public; Owner: postgres
--

ALTER TABLE public."Materials" ALTER COLUMN "Id" ADD GENERATED BY DEFAULT AS IDENTITY (
    SEQUENCE NAME public."Materials_Id_seq"
    START WITH 1
    INCREMENT BY 1
    NO MINVALUE
    NO MAXVALUE
    CACHE 1
);


--
-- TOC entry 232 (class 1259 OID 85587)
-- Name: Messuares; Type: TABLE; Schema: public; Owner: postgres
--

CREATE TABLE public."Messuares" (
    "Id" integer NOT NULL,
    "Title" text NOT NULL,
    "Description" text NOT NULL,
    "Date" timestamp without time zone NOT NULL,
    "Status" text,
    "AutorId" integer
);


ALTER TABLE public."Messuares" OWNER TO postgres;

--
-- TOC entry 231 (class 1259 OID 85586)
-- Name: Messuares_Id_seq; Type: SEQUENCE; Schema: public; Owner: postgres
--

ALTER TABLE public."Messuares" ALTER COLUMN "Id" ADD GENERATED BY DEFAULT AS IDENTITY (
    SEQUENCE NAME public."Messuares_Id_seq"
    START WITH 1
    INCREMENT BY 1
    NO MINVALUE
    NO MAXVALUE
    CACHE 1
);


--
-- TOC entry 220 (class 1259 OID 85491)
-- Name: Subdivisions; Type: TABLE; Schema: public; Owner: postgres
--

CREATE TABLE public."Subdivisions" (
    "Id" integer NOT NULL,
    "Name" text NOT NULL,
    "Description" text,
    "HeadSubdivisionId" integer
);


ALTER TABLE public."Subdivisions" OWNER TO postgres;

--
-- TOC entry 219 (class 1259 OID 85490)
-- Name: Subdivisions_Id_seq; Type: SEQUENCE; Schema: public; Owner: postgres
--

ALTER TABLE public."Subdivisions" ALTER COLUMN "Id" ADD GENERATED BY DEFAULT AS IDENTITY (
    SEQUENCE NAME public."Subdivisions_Id_seq"
    START WITH 1
    INCREMENT BY 1
    NO MINVALUE
    NO MAXVALUE
    CACHE 1
);


--
-- TOC entry 234 (class 1259 OID 85600)
-- Name: Users; Type: TABLE; Schema: public; Owner: postgres
--

CREATE TABLE public."Users" (
    "Id" integer NOT NULL,
    "Name" text NOT NULL,
    "Password" text NOT NULL,
    "EmployeeId" integer NOT NULL
);


ALTER TABLE public."Users" OWNER TO postgres;

--
-- TOC entry 233 (class 1259 OID 85599)
-- Name: Users_Id_seq; Type: SEQUENCE; Schema: public; Owner: postgres
--

ALTER TABLE public."Users" ALTER COLUMN "Id" ADD GENERATED BY DEFAULT AS IDENTITY (
    SEQUENCE NAME public."Users_Id_seq"
    START WITH 1
    INCREMENT BY 1
    NO MINVALUE
    NO MAXVALUE
    CACHE 1
);


--
-- TOC entry 222 (class 1259 OID 85504)
-- Name: WorkingCalendars; Type: TABLE; Schema: public; Owner: postgres
--

CREATE TABLE public."WorkingCalendars" (
    "Id" integer NOT NULL,
    "ExceptionDate" timestamp without time zone NOT NULL,
    "IsWorkingDay" boolean NOT NULL
);


ALTER TABLE public."WorkingCalendars" OWNER TO postgres;

--
-- TOC entry 221 (class 1259 OID 85503)
-- Name: WorkingCalendars_Id_seq; Type: SEQUENCE; Schema: public; Owner: postgres
--

ALTER TABLE public."WorkingCalendars" ALTER COLUMN "Id" ADD GENERATED BY DEFAULT AS IDENTITY (
    SEQUENCE NAME public."WorkingCalendars_Id_seq"
    START WITH 1
    INCREMENT BY 1
    NO MINVALUE
    NO MAXVALUE
    CACHE 1
);


--
-- TOC entry 214 (class 1259 OID 85469)
-- Name: __EFMigrationsHistory; Type: TABLE; Schema: public; Owner: postgres
--

CREATE TABLE public."__EFMigrationsHistory" (
    "MigrationId" character varying(150) NOT NULL,
    "ProductVersion" character varying(32) NOT NULL
);


ALTER TABLE public."__EFMigrationsHistory" OWNER TO postgres;

--
-- TOC entry 3453 (class 0 OID 85613)
-- Dependencies: 236
-- Data for Name: Applicants; Type: TABLE DATA; Schema: public; Owner: postgres
--



--
-- TOC entry 3443 (class 0 OID 85538)
-- Dependencies: 226
-- Data for Name: Comments; Type: TABLE DATA; Schema: public; Owner: postgres
--



--
-- TOC entry 3433 (class 0 OID 85475)
-- Dependencies: 216
-- Data for Name: Documents; Type: TABLE DATA; Schema: public; Owner: postgres
--



--
-- TOC entry 3441 (class 0 OID 85510)
-- Dependencies: 224
-- Data for Name: Employees; Type: TABLE DATA; Schema: public; Owner: postgres
--

INSERT INTO public."Employees" VALUES (3, 'Матвеев Вадим Юрьевич', '1989-06-20 00:00:00', 1, NULL, '+7 (711) 977-16-52', '1', '402А', 'матвеев@гкдр.ру', NULL, NULL, 'Руководитель контрольно-ревизионного направления', NULL);
INSERT INTO public."Employees" VALUES (5, 'Евсеева Генриетта Дмитриевна', '1967-05-18 00:00:00', 2, NULL, '+7 (904) 027-35-92', '1', '482', 'евсеева@гкдр.ру', NULL, NULL, 'Старший специалист', NULL);
INSERT INTO public."Employees" VALUES (6, 'Шарапова Дария Андреевна', '1971-08-21 00:00:00', 2, NULL, '+7 (212) 625-28-08', '1', '482', 'шарапова@гкдр.ру', NULL, NULL, 'Старший специалист', NULL);
INSERT INTO public."Employees" VALUES (7, 'Кузьмина Галина Максовна', '1969-01-15 00:00:00', 3, NULL, '+7 (370) 519-03-10', '1', '479', 'кузьмина@гкдр.ру', NULL, NULL, 'Начальник отдела', NULL);
INSERT INTO public."Employees" VALUES (8, 'Гурьева Янина Тимофеевна', '1964-12-29 00:00:00', 3, NULL, '+7 (401) 189-86-51', '1', '479', 'гурьева@гкдр.ру', NULL, NULL, 'Руководитель проекта', NULL);
INSERT INTO public."Employees" VALUES (9, 'Большакова Снежана Тарасовна', '1984-05-23 00:00:00', 3, NULL, '+7 (223) 503-67-44', '1', '479', 'большакова@гкдр.ру', NULL, NULL, 'Специалист', NULL);
INSERT INTO public."Employees" VALUES (10, 'Миронова Диша Митрофановна', '1977-12-15 00:00:00', 3, NULL, '+7 (084) 252-77-53', '1', '479', 'миронова@гкдр.ру', NULL, NULL, 'Старший специалист', NULL);
INSERT INTO public."Employees" VALUES (11, 'Жданова Виоланта Иосифовна', '1996-05-13 00:00:00', 3, NULL, '+7 (900) 353-41-72', '1', '479', 'жданова@гкдр.ру', NULL, NULL, 'Старший специалист', NULL);
INSERT INTO public."Employees" VALUES (12, 'Колесников Анатолий Владленович', '1990-02-26 00:00:00', 4, NULL, '+7 (438) 363-52-14', '1', '482', 'колесников@гкдр.ру', NULL, NULL, 'Начальник отдела', NULL);
INSERT INTO public."Employees" VALUES (13, 'Мухин Флор Иванович', '1975-10-31 00:00:00', 4, NULL, '+7 (487) 123-91-17', '1', '482', 'мухин@гкдр.ру', NULL, NULL, 'Старший специалист', NULL);
INSERT INTO public."Employees" VALUES (14, 'Воронова Устинья Митрофановна', '1999-08-07 00:00:00', 5, NULL, '+7 (708) 393-49-39', '1', '483', 'воронова@гкдр.ру', NULL, NULL, 'Менеджер проектов', NULL);
INSERT INTO public."Employees" VALUES (15, 'Ковалёва Муза Тарасовна', '1964-01-26 00:00:00', 5, NULL, '+7 (624) 457-34-25', '1', '483', 'ковалёва@гкдр.ру', NULL, NULL, 'Начальник отдела', NULL);
INSERT INTO public."Employees" VALUES (17, 'Крылов Флор Максович', '1996-10-07 00:00:00', 7, NULL, '+7 (902) 340-55-48', '1', '483', 'крылов@гкдр.ру', NULL, NULL, 'Начальник отдела', NULL);
INSERT INTO public."Employees" VALUES (18, 'Зимин Илья Серапионович', '1971-05-02 00:00:00', 7, NULL, '+7 (565) 435-79-80', '1', '483', 'зимин@гкдр.ру', NULL, NULL, 'Старший специалист', NULL);
INSERT INTO public."Employees" VALUES (19, 'Зайцев Парамон Феликсович', '1984-10-15 00:00:00', 8, NULL, '+7 (454) 252-05-25', '1', '525', 'зайцев@гкдр.ру', NULL, NULL, 'Ведущий специалист', NULL);
INSERT INTO public."Employees" VALUES (20, 'Маслов Модест Дамирович', '1968-04-27 00:00:00', 8, NULL, '+7 (664) 602-03-71', '1', '525', 'маслов@гкдр.ру', NULL, NULL, 'Водитель', NULL);
INSERT INTO public."Employees" VALUES (21, 'Исаков Велорий Витальевич', '1960-06-26 00:00:00', 8, NULL, '+7 (098) 359-34-95', '1', '525', 'исаков@гкдр.ру', NULL, NULL, 'Водитель', NULL);
INSERT INTO public."Employees" VALUES (22, 'Шашков Донат Владленович', '1980-01-08 00:00:00', 8, NULL, '+7 (051) 523-43-73', '1', '525', 'шашков@гкдр.ру', NULL, NULL, 'Водитель', NULL);
INSERT INTO public."Employees" VALUES (23, 'Тарасов Эрнест Якунович', '1988-06-22 00:00:00', 8, NULL, '+7 (131) 790-43-24', '1', '525', 'тарасов@гкдр.ру', NULL, NULL, 'Курьер', NULL);
INSERT INTO public."Employees" VALUES (24, 'Зимин Лев Евсеевич', '1998-09-25 00:00:00', 8, NULL, '+7 (609) 728-78-87', '1', '525', 'зимин@гкдр.ру', NULL, NULL, 'Начальник управления', NULL);
INSERT INTO public."Employees" VALUES (25, 'Суханов Эрнест Петрович', '1966-04-23 00:00:00', 8, NULL, '+7 (342) 350-52-75', '1', '525', 'суханов@гкдр.ру', NULL, NULL, 'Руководитель проектов', NULL);
INSERT INTO public."Employees" VALUES (26, 'Харитонов Любомир Андреевич', '2001-05-29 00:00:00', 8, NULL, '+7 (933) 010-23-01', '1', '525', 'харитонов@гкдр.ру', NULL, NULL, 'Специалист', NULL);
INSERT INTO public."Employees" VALUES (27, 'Евдокимов Павел Пётрович', '1997-01-20 00:00:00', 8, NULL, '+7 (676) 507-65-30', '1', '525', 'евдокимов@гкдр.ру', NULL, NULL, 'Специалист по складской работе', NULL);
INSERT INTO public."Employees" VALUES (28, 'Кулагин Аввакум Альбертович', '1983-04-25 00:00:00', 9, NULL, '+7 (091) 411-45-67', '1', '489', 'кулагин@гкдр.ру', NULL, NULL, 'Начальник управления', NULL);
INSERT INTO public."Employees" VALUES (29, 'Рогов Май Филатович', '1967-04-06 00:00:00', 9, NULL, '+7 (046) 142-05-62', '1', '489', 'рогов@гкдр.ру', NULL, NULL, 'Специалист', NULL);
INSERT INTO public."Employees" VALUES (31, 'Фролов Мартин Константинович', '2002-08-07 00:00:00', 10, NULL, '+7 (604) 952-64-10', '1', '527', 'фролов@гкдр.ру', NULL, NULL, 'Начальник управления', NULL);
INSERT INTO public."Employees" VALUES (32, 'Копылов Власий Валентинович', '2000-07-03 00:00:00', 10, NULL, '+7 (710) 970-74-65', '1', '527', 'копылов@гкдр.ру', NULL, NULL, 'Руководитель направления', NULL);
INSERT INTO public."Employees" VALUES (33, 'Воронцов Мстислав Лаврентьевич', '1968-04-08 00:00:00', 10, NULL, '+7 (154) 776-83-19', '1', '527', 'воронцов@гкдр.ру', NULL, NULL, 'Руководитель направления', NULL);
INSERT INTO public."Employees" VALUES (34, 'Стрелков Аркадий Никитевич', '1990-06-02 00:00:00', 10, NULL, '+7 (938) 736-81-71', '1', '527', 'стрелков@гкдр.ру', NULL, NULL, 'Руководитель направления', NULL);
INSERT INTO public."Employees" VALUES (35, 'Кононов Август Германнович', '1968-04-29 00:00:00', 10, NULL, '+7 (812) 849-39-84', '1', '527', 'кононов@гкдр.ру', NULL, NULL, 'Руководитель направления', NULL);
INSERT INTO public."Employees" VALUES (36, 'Горбачёв Глеб Мэлсович', '1974-11-07 00:00:00', 10, NULL, '+7 (626) 861-82-67', '1', '527', 'горбачёв@гкдр.ру', NULL, NULL, 'Руководитель направления', NULL);
INSERT INTO public."Employees" VALUES (37, 'Беляев Тарас Владленович', '2001-07-15 00:00:00', 10, NULL, '+7 (909) 176-65-42', '1', '527', 'беляев@гкдр.ру', NULL, NULL, 'Руководитель направления', NULL);
INSERT INTO public."Employees" VALUES (38, 'Селезнёва Мэри Фроловна', '2002-12-22 00:00:00', 11, NULL, '+7 (956) 710-49-22', '1', '477', 'селезнёва@гкдр.ру', NULL, NULL, 'Директор Академии', NULL);
INSERT INTO public."Employees" VALUES (39, 'Филиппова Аза Николаевна', '1989-05-23 00:00:00', 11, NULL, '+7 (163) 312-43-14', '1', '477', 'филиппова@гкдр.ру', NULL, NULL, 'Заместитель директора Академии по практической подготовке', NULL);
INSERT INTO public."Employees" VALUES (40, 'Галкина Эрика Лукьяновна', '1969-11-26 00:00:00', 12, NULL, '+7 (567) 060-46-69', '1', '404', 'галкина@гкдр.ру', 2, 3, 'Ведущий специалист', NULL);
INSERT INTO public."Employees" VALUES (2, 'Белоусов Семен Агафонович', '1971-04-25 00:00:00', 1, NULL, '+7 (179) 370-26-88', '1', '402А', 'белоусов@гкдр.ру', 3, 2, 'Административный директор-руководитель аппарата', NULL);
INSERT INTO public."Employees" VALUES (4, 'Ермакова Юнона Руслановна', '1979-04-14 00:00:00', 2, 2, '+7 (210) 088-64-36', '1', '482', 'ермакова@гкдр.ру', 5, 6, 'Начальник отдела', NULL);
INSERT INTO public."Employees" VALUES (41, 'Лихачёва Динара Георгьевна', '1990-12-04 00:00:00', 12, NULL, '+7 (624) 064-06-24', '1', '404', 'лихачёва@гкдр.ру', NULL, NULL, 'Начальник отдела', NULL);
INSERT INTO public."Employees" VALUES (42, 'Лобанова Дебора Владимировна', '1970-06-25 00:00:00', 12, NULL, '+7 (318) 827-54-60', '1', '404', 'лобанова@гкдр.ру', NULL, NULL, 'Специалист', NULL);
INSERT INTO public."Employees" VALUES (43, 'Коновалова Карина Анатольевна', '1982-07-25 00:00:00', 12, NULL, '+7 (800) 239-60-38', '1', '404', 'коновалова@гкдр.ру', NULL, NULL, 'Специалист', NULL);
INSERT INTO public."Employees" VALUES (44, 'Дьячков Гордей Юрьевич', '1992-12-10 00:00:00', 13, NULL, '+7 (462) 807-37-94', '1', '415', 'дьячков@гкдр.ру', NULL, NULL, 'Ведущий специалист', NULL);
INSERT INTO public."Employees" VALUES (45, 'Дементьев Людвиг Дмитриевич', '1984-10-30 00:00:00', 13, NULL, '+7 (232) 050-93-59', '1', '415', 'дементьев@гкдр.ру', NULL, NULL, 'Главный специалист', NULL);
INSERT INTO public."Employees" VALUES (46, 'Тетерин Терентий Артёмович', '1979-03-25 00:00:00', 13, NULL, '+7 (855) 470-76-70', '1', '415', 'тетерин@гкдр.ру', NULL, NULL, 'Начальник отдела', NULL);
INSERT INTO public."Employees" VALUES (47, 'Шарапов Нинель Артемович', '2001-05-29 00:00:00', 13, NULL, '+7 (064) 865-03-57', '1', '415', 'шарапов@гкдр.ру', NULL, NULL, 'Специалист', NULL);
INSERT INTO public."Employees" VALUES (48, 'Быкова Роксалана Евгеньевна', '1995-05-10 00:00:00', 14, NULL, '+7 (640) 077-77-65', '1', '479', 'быкова@гкдр.ру', NULL, NULL, 'Ведущий специалист по договорной работе', NULL);
INSERT INTO public."Employees" VALUES (49, 'Карпова Берта Васильевна', '1989-01-26 00:00:00', 14, NULL, '+7 (424) 549-00-75', '1', '479', 'карпова@гкдр.ру', NULL, NULL, 'Начальник отдела', NULL);
INSERT INTO public."Employees" VALUES (50, 'Князева Эрида Михайловна', '1985-02-09 00:00:00', 14, NULL, '+7 (476) 265-08-34', '1', '479', 'князева@гкдр.ру', NULL, NULL, 'Специалист', NULL);
INSERT INTO public."Employees" VALUES (51, 'Боброва Анэля Григорьевна', '1961-07-19 00:00:00', 14, NULL, '+7 (197) 497-66-92', '1', '479', 'боброва@гкдр.ру', NULL, NULL, 'Специалист', NULL);
INSERT INTO public."Employees" VALUES (52, 'Ефремов Вальтер Платонович', '1999-03-12 00:00:00', 15, NULL, '+7 (210) 001-40-01', '1', 'Ресепшн', 'ефремов@гкдр.ру', NULL, NULL, 'Генеральный директор', NULL);
INSERT INTO public."Employees" VALUES (53, 'Смирнов Аввакум Проклович', '2001-04-07 00:00:00', 15, NULL, '+7 (234) 327-27-37', '1', '406А', 'смирнов@гкдр.ру', NULL, NULL, 'Заместитель генерального директора по внедрению стандартов', NULL);
INSERT INTO public."Employees" VALUES (54, 'Сидорова Богдана Степановна', '1992-03-01 00:00:00', 15, NULL, '+7 (333) 007-73-86', '1', '406А', 'сидорова@гкдр.ру', NULL, NULL, 'Заместитель генерального директора по исследованиям и разработкам', NULL);
INSERT INTO public."Employees" VALUES (55, 'Медведева Анфиса Куприяновна', '1968-06-22 00:00:00', 15, NULL, '+7 (352) 984-89-47', '1', '406А', 'медведева@гкдр.ру', NULL, NULL, 'Заместитель генерального директора по коммуникациям', NULL);
INSERT INTO public."Employees" VALUES (56, 'Соколова Злата Донатовна', '1976-05-11 00:00:00', 15, NULL, '+7 (263) 295-98-84', '1', '406А', 'соколова@гкдр.ру', NULL, NULL, 'Заместитель генерального директора по маркетингу и партнерским отношениям', NULL);
INSERT INTO public."Employees" VALUES (57, 'Максимова Антонина Наумовна', '1988-09-29 00:00:00', 15, NULL, '+7 (059) 049-11-97', '1', '406А', 'максимова@гкдр.ру', NULL, NULL, 'Заместитель генерального директора по организации корпоративов', NULL);
INSERT INTO public."Employees" VALUES (58, 'Емельянова Лали Адольфовна', '1974-11-18 00:00:00', 15, NULL, '+7 (643) 148-48-83', '1', '406А', 'емельянова@гкдр.ру', NULL, NULL, 'Заместитель генерального директора по подготовке кадров', NULL);
INSERT INTO public."Employees" VALUES (59, 'Лобанов Андрей Владленович', '1985-05-13 00:00:00', 15, NULL, '+7 (749) 358-03-33', '1', '406А', 'лобанов@гкдр.ру', NULL, NULL, 'Первый заместитель генерального директора', NULL);
INSERT INTO public."Employees" VALUES (60, 'Бирюков Валерий Леонидович', '1977-08-20 00:00:00', 15, NULL, '+7 (882) 562-21-24', '1', 'Ресепшн', 'бирюков@гкдр.ру', NULL, NULL, 'Помощник генерального директора', NULL);
INSERT INTO public."Employees" VALUES (61, 'Рябов Влас Богданович', '1978-04-07 00:00:00', 15, NULL, '+7 (673) 157-65-87', '1', '406А', 'рябов@гкдр.ру', NULL, NULL, 'Советник генерального директора по стратегическому развитию', NULL);
INSERT INTO public."Employees" VALUES (62, 'Мельников Модест Тихонович', '1961-04-14 00:00:00', 15, NULL, '+7 (480) 955-36-17', '1', '406А', 'мельников@гкдр.ру', NULL, NULL, 'Советник генерального директора по оперативному планированию', NULL);
INSERT INTO public."Employees" VALUES (64, 'Никифорова Любава Васильевна', '1967-02-21 00:00:00', 16, NULL, '+7 (890) 112-51-51', '1', '406', 'никифорова@гкдр.ру', NULL, NULL, 'Заместитель директора департамента', NULL);
INSERT INTO public."Employees" VALUES (65, 'Денисова Веселина Демьяновна', '1965-01-19 00:00:00', 18, NULL, '+7 (606) 810-72-96', '1', '489А', 'денисова@гкдр.ру', NULL, NULL, 'Руководитель направления', NULL);
INSERT INTO public."Employees" VALUES (66, 'Лобанова Георгина Евсеевна', '1972-03-02 00:00:00', 19, NULL, '+7 (760) 683-71-57', '1', '406', 'лобанова@гкдр.ру', NULL, NULL, 'Руководитель направления', NULL);
INSERT INTO public."Employees" VALUES (67, 'Калашникова Маргарита Адольфовна', '1977-03-25 00:00:00', 21, NULL, '+7 (567) 984-10-59', '1', '404', 'калашникова@гкдр.ру', NULL, NULL, 'Начальник отдела', NULL);
INSERT INTO public."Employees" VALUES (68, 'Корнилов Давид Михайлович', '1965-05-12 00:00:00', 21, NULL, '+7 (535) 508-09-63', '1', '404', 'корнилов@гкдр.ру', NULL, NULL, 'Руководитель направления', NULL);
INSERT INTO public."Employees" VALUES (69, 'Мишина Сабрина Всеволодовна', '1979-11-05 00:00:00', 22, NULL, '+7 (123) 099-67-67', '1', '489А', 'мишина@гкдр.ру', NULL, NULL, 'Руководитель направления', NULL);
INSERT INTO public."Employees" VALUES (70, 'Давыдова Крис Алексеевна', '1967-05-21 00:00:00', 22, NULL, '+7 (086) 732-87-28', '1', '489А', 'давыдова@гкдр.ру', NULL, NULL, 'Специалист', NULL);
INSERT INTO public."Employees" VALUES (71, 'Тетерина Сабрина Евсеевна', '1983-10-30 00:00:00', 22, NULL, '+7 (305) 078-20-93', '1', '489А', 'тетерина@гкдр.ру', NULL, NULL, 'Специалист технического сопровождения', NULL);
INSERT INTO public."Employees" VALUES (73, 'Мишина Зоряна Семёновна', '1980-05-17 00:00:00', 23, NULL, '+7 (941) 758-60-21', '1', '489А', 'мишина@гкдр.ру', NULL, NULL, 'Руководитель управления', NULL);
INSERT INTO public."Employees" VALUES (74, 'Филиппова Ирэн Рудольфовна', '2002-04-03 00:00:00', 24, NULL, '+7 (791) 893-63-24', '1', '406', 'филиппова@гкдр.ру', NULL, NULL, 'Заместитель директора департамента', NULL);
INSERT INTO public."Employees" VALUES (75, 'Сорокина Виктория Альбертовна', '1965-06-27 00:00:00', 26, NULL, '+7 (256) 543-71-97', '1', '489А', 'сорокина@гкдр.ру', NULL, NULL, 'Руководитель направления', NULL);
INSERT INTO public."Employees" VALUES (77, 'Фролова Эрида Юлиановна', '1964-12-24 00:00:00', 27, NULL, '+7 (382) 787-58-02', '1', '489А', 'фролова@гкдр.ру', NULL, NULL, 'Руководитель проекта по разработке дизайна', NULL);
INSERT INTO public."Employees" VALUES (78, 'Дементьева Дарьяна Пантелеймоновна', '1977-08-06 00:00:00', 29, NULL, '+7 (772) 653-55-16', '1', '410Б', 'дементьева@гкдр.ру', NULL, NULL, 'Руководитель направления', NULL);
INSERT INTO public."Employees" VALUES (79, 'Денисова Эдилия Святославовна', '1983-07-29 00:00:00', 29, NULL, '+7 (661) 640-32-15', '1', '410Б', 'денисова@гкдр.ру', NULL, NULL, 'Руководитель проекта по рекламе', NULL);
INSERT INTO public."Employees" VALUES (80, 'Борисова Варвара Богуславовна', '1988-10-25 00:00:00', 29, NULL, '+7 (625) 163-29-48', '1', '410Б', 'борисова@гкдр.ру', NULL, NULL, 'Руководитель проектов', NULL);
INSERT INTO public."Employees" VALUES (81, 'Сафонова Алина Михайловна', '1993-07-15 00:00:00', 30, NULL, '+7 (949) 247-53-70', '1', '402Б', 'сафонова@гкдр.ру', NULL, NULL, 'Руководитель направления', NULL);
INSERT INTO public."Employees" VALUES (82, 'Моисеев Павел Витальевич', '1990-03-29 00:00:00', 31, NULL, '+7 (395) 842-89-60', '1', '411', 'моисеев@гкдр.ру', NULL, NULL, 'Руководитель направления', NULL);
INSERT INTO public."Employees" VALUES (83, 'Денисова Альжбета Валерьевна', '1967-06-29 00:00:00', 31, NULL, '+7 (405) 652-62-30', '1', '411', 'денисова@гкдр.ру', NULL, NULL, 'Руководитель направления', NULL);
INSERT INTO public."Employees" VALUES (84, 'Калинина Лариса Улебовна', '1975-04-14 00:00:00', 32, NULL, '+7 (459) 094-61-74', '1', '402Б', 'калинина@гкдр.ру', NULL, NULL, 'Менеджер проектов', NULL);
INSERT INTO public."Employees" VALUES (85, 'Громова Роксалана Егоровна', '1961-03-17 00:00:00', 32, NULL, '+7 (790) 385-88-79', '1', '402Б', 'громова@гкдр.ру', NULL, NULL, 'Руководитель проектов', NULL);
INSERT INTO public."Employees" VALUES (86, 'Авдеева Лика Лаврентьевна', '1969-10-15 00:00:00', 32, NULL, '+7 (905) 571-85-23', '1', '402Б', 'авдеева@гкдр.ру', NULL, NULL, 'Специалист', NULL);
INSERT INTO public."Employees" VALUES (87, 'Фадеева Юлиана Святославовна', '1966-02-22 00:00:00', 33, NULL, '+7 (325) 978-22-94', '1', '401', 'фадеева@гкдр.ру', NULL, NULL, 'Главный специалист', NULL);
INSERT INTO public."Employees" VALUES (88, 'Королёва Диана Созоновна', '1979-04-01 00:00:00', 33, NULL, '+7 (198) 515-56-04', '1', '401', 'королёва@гкдр.ру', NULL, NULL, 'Директор департамента', NULL);
INSERT INTO public."Employees" VALUES (89, 'Михеева Георгина Борисовна', '1983-07-03 00:00:00', 33, NULL, '+7 (951) 095-81-15', '1', '401', 'михеева@гкдр.ру', NULL, NULL, 'Специалист', NULL);
INSERT INTO public."Employees" VALUES (90, 'Михеева Георгина Борисовна', '1971-05-28 00:00:00', 33, NULL, '+7 (818) 456-17-32', '1', '401', 'михеева@гкдр.ру', NULL, NULL, 'Специалист по охране труда', NULL);
INSERT INTO public."Employees" VALUES (93, 'Калинина Радмила Пётровна', '1960-12-29 00:00:00', 34, NULL, '+7 (041) 340-67-42', '1', '410Б', 'калинина@гкдр.ру', NULL, NULL, 'Руководитель проектов', NULL);
INSERT INTO public."Employees" VALUES (94, 'Харитонова Видана Николаевна', '1962-09-07 00:00:00', 34, NULL, '+7 (686) 601-90-65', '1', '410Б', 'харитонова@гкдр.ру', NULL, NULL, 'Руководитель проектов', NULL);
INSERT INTO public."Employees" VALUES (95, 'Рожкова Сильвия Мартыновна', '1974-10-18 00:00:00', 34, NULL, '+7 (141) 793-69-11', '1', '410Б', 'рожкова@гкдр.ру', NULL, NULL, 'Руководитель проектов', NULL);
INSERT INTO public."Employees" VALUES (97, 'Корнилова Ангелина Алексеевна', '1977-06-07 00:00:00', 36, NULL, '+7 (195) 929-02-05', '1', '487', 'корнилова@гкдр.ру', NULL, NULL, 'Руководитель проекта', NULL);
INSERT INTO public."Employees" VALUES (98, 'Аксёнова Мирра Григорьевна', '1978-12-28 00:00:00', 36, NULL, '+7 (614) 995-85-89', '1', '487', 'аксёнова@гкдр.ру', NULL, NULL, 'Специалист', NULL);
INSERT INTO public."Employees" VALUES (99, 'Фадеева Влада Семёновна', '1987-02-17 00:00:00', 37, NULL, '+7 (060) 326-14-90', '1', '421', 'фадеева@гкдр.ру', NULL, NULL, 'Руководитель проекта', NULL);
INSERT INTO public."Employees" VALUES (100, 'Кононова Майя Максовна', '1979-12-10 00:00:00', 37, NULL, '+7 (673) 181-26-22', '1', '421', 'кононова@гкдр.ру', NULL, NULL, 'Руководитель проекта', NULL);
INSERT INTO public."Employees" VALUES (101, 'Некрасова Лилу Константиновна', '1995-06-29 00:00:00', 38, NULL, '+7 (885) 634-33-04', '1', '401', 'некрасова@гкдр.ру', NULL, NULL, 'Главный специалист', NULL);
INSERT INTO public."Employees" VALUES (102, 'Баранова Диана Леонидовна', '1989-01-28 00:00:00', 38, NULL, '+7 (174) 853-49-83', '1', '401', 'баранова@гкдр.ру', NULL, NULL, 'Начальник управления', NULL);
INSERT INTO public."Employees" VALUES (103, 'Гришина Азалия Агафоновна', '1999-11-11 00:00:00', 38, NULL, '+7 (017) 495-66-09', '1', '401', 'гришина@гкдр.ру', NULL, NULL, 'Специалист', NULL);
INSERT INTO public."Employees" VALUES (104, 'Архипова Наталья Юрьевна', '1967-09-06 00:00:00', 38, NULL, '+7 (325) 282-73-59', '1', '401', 'архипова@гкдр.ру', NULL, NULL, 'Финансовый контролер', NULL);
INSERT INTO public."Employees" VALUES (105, 'Рожкова Мила Кирилловна', '1969-10-29 00:00:00', 40, NULL, '+7 (644) 679-57-32', '1', '488', 'рожкова@гкдр.ру', NULL, NULL, 'Бухгалтер', NULL);
INSERT INTO public."Employees" VALUES (106, 'Богданова Эллада Георгиевна', '1997-05-28 00:00:00', 40, NULL, '+7 (366) 341-61-81', '1', '488', 'богданова@гкдр.ру', NULL, NULL, 'Бухгалтер', NULL);
INSERT INTO public."Employees" VALUES (107, 'Яковлева Аделия Геласьевна', '1960-07-09 00:00:00', 40, NULL, '+7 (990) 358-79-57', '1', '488', 'яковлева@гкдр.ру', NULL, NULL, 'Бухгалтер', NULL);
INSERT INTO public."Employees" VALUES (108, 'Соловьёва Габриэлла Созоновна', '1969-12-18 00:00:00', 40, NULL, '+7 (298) 353-76-77', '1', '488', 'соловьёва@гкдр.ру', NULL, NULL, 'Бухгалтер', NULL);
INSERT INTO public."Employees" VALUES (109, 'Щукина Розалина Витальевна', '1992-05-04 00:00:00', 40, NULL, '+7 (041) 888-17-81', '1', '488', 'щукина@гкдр.ру', NULL, NULL, 'Бухгалтер по расчету заработной платы', NULL);
INSERT INTO public."Employees" VALUES (110, 'Никитина Азалия Алексеевна', '1983-06-02 00:00:00', 40, NULL, '+7 (379) 582-61-58', '1', '488', 'никитина@гкдр.ру', NULL, NULL, 'Ведущий бухгалтер', NULL);
INSERT INTO public."Employees" VALUES (111, 'Дроздова Береслава Максимовна', '1962-10-27 00:00:00', 40, NULL, '+7 (812) 542-65-16', '1', '488', 'дроздова@гкдр.ру', NULL, NULL, 'Начальник управления - Заместитель главного бухгалтера', NULL);
INSERT INTO public."Employees" VALUES (112, 'Галкина Божена Филипповна', '1974-03-31 00:00:00', 40, NULL, '+7 (120) 462-91-94', '1', '488', 'галкина@гкдр.ру', NULL, NULL, 'Старший бухгалтер', NULL);
INSERT INTO public."Employees" VALUES (113, 'Казакова Земфира Федосеевна', '1967-03-20 00:00:00', 40, NULL, '+7 (312) 173-95-22', '1', '488', 'казакова@гкдр.ру', NULL, NULL, 'Старший бухгалтер', NULL);
INSERT INTO public."Employees" VALUES (114, 'Доронина Эдуарда Дмитрьевна', '1972-07-12 00:00:00', 42, NULL, '+7 (398) 556-52-52', '1', '421', 'доронина@гкдр.ру', NULL, NULL, 'Специалист казначейства', NULL);
INSERT INTO public."Employees" VALUES (115, 'Гурьева Фанни Андреевна', '1965-04-07 00:00:00', 42, NULL, '+7 (192) 794-90-18', '1', '421', 'гурьева@гкдр.ру', NULL, NULL, 'Специалист казначейства', NULL);
INSERT INTO public."Employees" VALUES (116, 'Кононова Нонна Анатольевна', '1988-03-03 00:00:00', 42, NULL, '+7 (049) 956-85-86', '1', '421', 'кононова@гкдр.ру', NULL, NULL, 'Специалист казначейства', NULL);
INSERT INTO public."Employees" VALUES (117, 'Блинова Милослава Андреевна', '1969-05-21 00:00:00', 43, NULL, '+7 (134) 370-87-86', '1', '524', 'блинова@гкдр.ру', NULL, NULL, 'Начальник отдела', NULL);
INSERT INTO public."Employees" VALUES (118, 'Щукина Владислава Альбертовна', '1968-02-04 00:00:00', 43, NULL, '+7 (441) 380-03-70', '1', '524', 'щукина@гкдр.ру', NULL, NULL, 'Руководитель департамента - Главный бухгалтер', NULL);
INSERT INTO public."Employees" VALUES (119, 'Громова Архелия Святославовна', '1983-08-26 00:00:00', 43, NULL, '+7 (834) 538-57-98', '1', '524', 'громова@гкдр.ру', NULL, NULL, 'Специалист казначейства', NULL);
INSERT INTO public."Employees" VALUES (120, 'Соколова Фанни Григорьевна', '2002-11-28 00:00:00', 43, NULL, '+7 (787) 780-96-88', '1', '524', 'соколова@гкдр.ру', NULL, NULL, 'Специалист казначейства', NULL);
INSERT INTO public."Employees" VALUES (121, 'Веселова Регина Натановна', '1980-05-27 00:00:00', 44, NULL, '+7 (695) 489-78-71', '1', '523', 'веселова@гкдр.ру', NULL, NULL, 'Начальник финансово - экономического отдела', NULL);
INSERT INTO public."Employees" VALUES (96, 'Нестерова Данна Игнатьевна', '1982-12-28 00:00:00', 36, NULL, '+7 (383) 545-59-27', '1', '487', 'нестерова@гкдр.ру', NULL, NULL, 'Руководитель проекта', '2025-02-28 20:25:43.982432');
INSERT INTO public."Employees" VALUES (122, 'Субботина Инга Васильевна', '1985-08-17 00:00:00', 44, NULL, '+7 (955) 709-44-45', '1', '523', 'субботина@гкдр.ру', NULL, NULL, 'Специалист', NULL);
INSERT INTO public."Employees" VALUES (126, 'Харитонова Ангелина Мэлоровна', '1990-06-21 00:00:00', 47, 3, '+7 (800) 847-84-22', '1', '524', 'харитонова@гкдр.ру', NULL, NULL, 'Заместитель директора департамента', NULL);
INSERT INTO public."Employees" VALUES (125, 'Галкин Никифор Евсеевич', '1975-01-13 00:00:00', 47, 2, '+7 (270) 482-96-24', '1', '524', 'галкин@гкдр.ру', 125, 125, 'Директор департамента', NULL);
INSERT INTO public."Employees" VALUES (124, 'Исаков Аполлон Ефимович', '1998-06-03 00:00:00', 47, NULL, '+7 (952) 550-14-44', '1', '421', 'исаков@гкдр.ру', 124, 124, 'Начальник управления', NULL);
INSERT INTO public."Employees" VALUES (185, 'string', '2025-02-26 20:18:43.083', 34, NULL, 'string', 'string', 'string', 'string', NULL, NULL, 'string', '2025-02-26 23:23:56.933773');
INSERT INTO public."Employees" VALUES (186, 'User1', '2025-02-05 00:00:00', 50, NULL, '11111111111', '+7 918 741-82-12', '111', 'artik3314@gmail.com', 126, 125, '1', '2025-03-28 16:39:57.013');
INSERT INTO public."Employees" VALUES (91, 'Савельева Диша Данииловна', '1986-01-28 00:00:00', 34, NULL, '+7 (145) 189-60-52', '1', '410Б', 'савельева@гкдр.ру', NULL, NULL, 'Директор департамента', '2025-02-28 18:35:49.183833');


--
-- TOC entry 3455 (class 0 OID 85626)
-- Dependencies: 238
-- Data for Name: EventMaterials; Type: TABLE DATA; Schema: public; Owner: postgres
--



--
-- TOC entry 3435 (class 0 OID 85483)
-- Dependencies: 218
-- Data for Name: EventTypes; Type: TABLE DATA; Schema: public; Owner: postgres
--

INSERT INTO public."EventTypes" VALUES (2, 'Отгул');
INSERT INTO public."EventTypes" VALUES (1, 'Отпуск');
INSERT INTO public."EventTypes" VALUES (3, 'Обучение');


--
-- TOC entry 3445 (class 0 OID 85556)
-- Dependencies: 228
-- Data for Name: Events; Type: TABLE DATA; Schema: public; Owner: postgres
--

INSERT INTO public."Events" VALUES (54, 2, '2025-02-19 00:00:00', '2025-02-28 00:00:00', '2', 125);
INSERT INTO public."Events" VALUES (55, 2, '2025-06-01 16:18:48.025', '2025-06-01 16:18:48.025', 'Отгул в воскресенье', 125);
INSERT INTO public."Events" VALUES (29, 2, '2025-02-26 00:00:00', '2025-02-26 00:00:00', 'Отгул вчера', 125);
INSERT INTO public."Events" VALUES (1, 1, '2025-02-26 00:00:00', '2025-03-27 00:00:00', 'Отпуск текущий', 125);
INSERT INTO public."Events" VALUES (30, 3, '2025-03-01 00:00:00', '2025-03-02 00:00:00', 'Обучение в будущем', 125);


--
-- TOC entry 3447 (class 0 OID 85574)
-- Dependencies: 230
-- Data for Name: Materials; Type: TABLE DATA; Schema: public; Owner: postgres
--



--
-- TOC entry 3449 (class 0 OID 85587)
-- Dependencies: 232
-- Data for Name: Messuares; Type: TABLE DATA; Schema: public; Owner: postgres
--



--
-- TOC entry 3437 (class 0 OID 85491)
-- Dependencies: 220
-- Data for Name: Subdivisions; Type: TABLE DATA; Schema: public; Owner: postgres
--

INSERT INTO public."Subdivisions" VALUES (35, ' Департамент стратегии и планирования', NULL, 48);
INSERT INTO public."Subdivisions" VALUES (38, 'Управление Финансового планирования и контроля', NULL, 48);
INSERT INTO public."Subdivisions" VALUES (39, 'Финансово-экономический департамент', NULL, 48);
INSERT INTO public."Subdivisions" VALUES (34, 'Департамент по работе с промышленностью', NULL, 48);
INSERT INTO public."Subdivisions" VALUES (32, 'Департамент по организации корпоративов', NULL, 48);
INSERT INTO public."Subdivisions" VALUES (33, 'Департамент по работе с персоналом', NULL, 48);
INSERT INTO public."Subdivisions" VALUES (24, 'Департамент маркетинга и партнерских отношений', NULL, 48);
INSERT INTO public."Subdivisions" VALUES (20, 'Управление Пресс-службы', NULL, 48);
INSERT INTO public."Subdivisions" VALUES (17, 'Управление по PR-проектам', NULL, 48);
INSERT INTO public."Subdivisions" VALUES (16, ' Департамент коммуникаций', NULL, 48);
INSERT INTO public."Subdivisions" VALUES (15, 'Аппарат управления', NULL, 48);
INSERT INTO public."Subdivisions" VALUES (11, 'Академия Умные дороги', NULL, 48);
INSERT INTO public."Subdivisions" VALUES (1, ' Административный департамент', NULL, 48);
INSERT INTO public."Subdivisions" VALUES (48, 'Дорои России', 'Главное управление', NULL);
INSERT INTO public."Subdivisions" VALUES (36, 'Аналитический отдел', '', 35);
INSERT INTO public."Subdivisions" VALUES (49, 'Новый отдел', '', 45);
INSERT INTO public."Subdivisions" VALUES (50, '2Новый отдел', '', 45);
INSERT INTO public."Subdivisions" VALUES (2, 'Договорной отдел', NULL, 1);
INSERT INTO public."Subdivisions" VALUES (3, 'Общий отдел', NULL, 1);
INSERT INTO public."Subdivisions" VALUES (5, 'Отдел протокольного сопровождения', NULL, 1);
INSERT INTO public."Subdivisions" VALUES (4, 'Отдел закупок', NULL, 1);
INSERT INTO public."Subdivisions" VALUES (6, 'Управление административно-хозяйственной деятельности', NULL, 1);
INSERT INTO public."Subdivisions" VALUES (7, 'Отдел ИТ', NULL, 6);
INSERT INTO public."Subdivisions" VALUES (8, 'Управление административно-хозяйственной деятельности', NULL, 6);
INSERT INTO public."Subdivisions" VALUES (9, 'Управление безопасности', NULL, 1);
INSERT INTO public."Subdivisions" VALUES (10, 'Управление по обеспечению безопасности', NULL, 1);
INSERT INTO public."Subdivisions" VALUES (12, 'Отдел сетевых программ', NULL, 11);
INSERT INTO public."Subdivisions" VALUES (13, 'Проектно-аналитический отдел', NULL, 11);
INSERT INTO public."Subdivisions" VALUES (14, 'Учебно-организационный отдел', NULL, 11);
INSERT INTO public."Subdivisions" VALUES (18, 'Отдел по организации и сопровождению мероприятий', NULL, 17);
INSERT INTO public."Subdivisions" VALUES (19, ' Отдел по работе с корпорациями', NULL, 17);
INSERT INTO public."Subdivisions" VALUES (21, 'Отдел по работе со СМИ', NULL, 20);
INSERT INTO public."Subdivisions" VALUES (22, 'Отдел цифровых коммуникаций', NULL, 20);
INSERT INTO public."Subdivisions" VALUES (23, ' Управление Пресс-службы', NULL, 20);
INSERT INTO public."Subdivisions" VALUES (25, 'Управление маркетинга', NULL, 24);
INSERT INTO public."Subdivisions" VALUES (26, 'Лицензионный отдел', NULL, 25);
INSERT INTO public."Subdivisions" VALUES (27, 'Управление маркетинга', NULL, 25);
INSERT INTO public."Subdivisions" VALUES (28, 'Управление по развитию бизнеса', NULL, 24);
INSERT INTO public."Subdivisions" VALUES (29, 'Отдел по  привлечению новых клиентов', NULL, 28);
INSERT INTO public."Subdivisions" VALUES (30, 'Отдел по организации мероприятий', NULL, 28);
INSERT INTO public."Subdivisions" VALUES (31, ' Управление по развитию партнерских отношений', NULL, 24);
INSERT INTO public."Subdivisions" VALUES (37, 'Отдел проектного управления', NULL, 35);
INSERT INTO public."Subdivisions" VALUES (40, 'Управление бухгалтерского и налогового учета', NULL, 39);
INSERT INTO public."Subdivisions" VALUES (41, 'Управление казначейства', NULL, 39);
INSERT INTO public."Subdivisions" VALUES (42, 'Операционный отдел', NULL, 41);
INSERT INTO public."Subdivisions" VALUES (43, 'Финансово-экономический департамент', NULL, 39);
INSERT INTO public."Subdivisions" VALUES (44, 'Финансово-экономическое управление', NULL, 39);
INSERT INTO public."Subdivisions" VALUES (46, 'Аналитический отдел', '', 35);
INSERT INTO public."Subdivisions" VALUES (47, 'Юридический департамент', '', 45);
INSERT INTO public."Subdivisions" VALUES (45, 'Юридический департамент', '', 48);


--
-- TOC entry 3451 (class 0 OID 85600)
-- Dependencies: 234
-- Data for Name: Users; Type: TABLE DATA; Schema: public; Owner: postgres
--



--
-- TOC entry 3439 (class 0 OID 85504)
-- Dependencies: 222
-- Data for Name: WorkingCalendars; Type: TABLE DATA; Schema: public; Owner: postgres
--

INSERT INTO public."WorkingCalendars" VALUES (1, '2024-01-01 00:00:00', false);
INSERT INTO public."WorkingCalendars" VALUES (2, '2024-01-02 00:00:00', false);
INSERT INTO public."WorkingCalendars" VALUES (3, '2024-01-03 00:00:00', false);
INSERT INTO public."WorkingCalendars" VALUES (4, '2024-01-04 00:00:00', false);
INSERT INTO public."WorkingCalendars" VALUES (5, '2024-01-05 00:00:00', false);
INSERT INTO public."WorkingCalendars" VALUES (6, '2024-01-08 00:00:00', false);
INSERT INTO public."WorkingCalendars" VALUES (7, '2024-02-23 00:00:00', false);
INSERT INTO public."WorkingCalendars" VALUES (8, '2024-03-08 00:00:00', false);
INSERT INTO public."WorkingCalendars" VALUES (9, '2024-04-27 00:00:00', true);
INSERT INTO public."WorkingCalendars" VALUES (10, '2024-04-29 00:00:00', false);
INSERT INTO public."WorkingCalendars" VALUES (11, '2024-04-30 00:00:00', false);
INSERT INTO public."WorkingCalendars" VALUES (12, '2024-05-01 00:00:00', false);
INSERT INTO public."WorkingCalendars" VALUES (13, '2024-05-09 00:00:00', false);
INSERT INTO public."WorkingCalendars" VALUES (14, '2024-05-10 00:00:00', false);
INSERT INTO public."WorkingCalendars" VALUES (15, '2024-06-12 00:00:00', false);
INSERT INTO public."WorkingCalendars" VALUES (16, '2024-11-02 00:00:00', true);
INSERT INTO public."WorkingCalendars" VALUES (17, '2024-11-04 00:00:00', false);
INSERT INTO public."WorkingCalendars" VALUES (18, '2024-12-28 00:00:00', true);
INSERT INTO public."WorkingCalendars" VALUES (19, '2024-12-30 00:00:00', false);
INSERT INTO public."WorkingCalendars" VALUES (20, '2024-12-31 00:00:00', false);


--
-- TOC entry 3431 (class 0 OID 85469)
-- Dependencies: 214
-- Data for Name: __EFMigrationsHistory; Type: TABLE DATA; Schema: public; Owner: postgres
--

INSERT INTO public."__EFMigrationsHistory" VALUES ('20250211195226_Init', '9.0.1');
INSERT INTO public."__EFMigrationsHistory" VALUES ('20250226171539_AddDismissDate', '9.0.1');


--
-- TOC entry 3463 (class 0 OID 0)
-- Dependencies: 235
-- Name: Applicants_Id_seq; Type: SEQUENCE SET; Schema: public; Owner: postgres
--

SELECT pg_catalog.setval('public."Applicants_Id_seq"', 1, false);


--
-- TOC entry 3464 (class 0 OID 0)
-- Dependencies: 225
-- Name: Comments_Id_seq; Type: SEQUENCE SET; Schema: public; Owner: postgres
--

SELECT pg_catalog.setval('public."Comments_Id_seq"', 1, false);


--
-- TOC entry 3465 (class 0 OID 0)
-- Dependencies: 215
-- Name: Documents_Id_seq; Type: SEQUENCE SET; Schema: public; Owner: postgres
--

SELECT pg_catalog.setval('public."Documents_Id_seq"', 1, false);


--
-- TOC entry 3466 (class 0 OID 0)
-- Dependencies: 223
-- Name: Employees_Id_seq; Type: SEQUENCE SET; Schema: public; Owner: postgres
--

SELECT pg_catalog.setval('public."Employees_Id_seq"', 186, true);


--
-- TOC entry 3467 (class 0 OID 0)
-- Dependencies: 237
-- Name: EventMaterials_Id_seq; Type: SEQUENCE SET; Schema: public; Owner: postgres
--

SELECT pg_catalog.setval('public."EventMaterials_Id_seq"', 1, false);


--
-- TOC entry 3468 (class 0 OID 0)
-- Dependencies: 217
-- Name: EventTypes_Id_seq; Type: SEQUENCE SET; Schema: public; Owner: postgres
--

SELECT pg_catalog.setval('public."EventTypes_Id_seq"', 3, true);


--
-- TOC entry 3469 (class 0 OID 0)
-- Dependencies: 227
-- Name: Events_Id_seq; Type: SEQUENCE SET; Schema: public; Owner: postgres
--

SELECT pg_catalog.setval('public."Events_Id_seq"', 58, true);


--
-- TOC entry 3470 (class 0 OID 0)
-- Dependencies: 229
-- Name: Materials_Id_seq; Type: SEQUENCE SET; Schema: public; Owner: postgres
--

SELECT pg_catalog.setval('public."Materials_Id_seq"', 1, false);


--
-- TOC entry 3471 (class 0 OID 0)
-- Dependencies: 231
-- Name: Messuares_Id_seq; Type: SEQUENCE SET; Schema: public; Owner: postgres
--

SELECT pg_catalog.setval('public."Messuares_Id_seq"', 1, false);


--
-- TOC entry 3472 (class 0 OID 0)
-- Dependencies: 219
-- Name: Subdivisions_Id_seq; Type: SEQUENCE SET; Schema: public; Owner: postgres
--

SELECT pg_catalog.setval('public."Subdivisions_Id_seq"', 50, true);


--
-- TOC entry 3473 (class 0 OID 0)
-- Dependencies: 233
-- Name: Users_Id_seq; Type: SEQUENCE SET; Schema: public; Owner: postgres
--

SELECT pg_catalog.setval('public."Users_Id_seq"', 1, false);


--
-- TOC entry 3474 (class 0 OID 0)
-- Dependencies: 221
-- Name: WorkingCalendars_Id_seq; Type: SEQUENCE SET; Schema: public; Owner: postgres
--

SELECT pg_catalog.setval('public."WorkingCalendars_Id_seq"', 1, false);


--
-- TOC entry 3269 (class 2606 OID 85619)
-- Name: Applicants PK_Applicants; Type: CONSTRAINT; Schema: public; Owner: postgres
--

ALTER TABLE ONLY public."Applicants"
    ADD CONSTRAINT "PK_Applicants" PRIMARY KEY ("Id");


--
-- TOC entry 3252 (class 2606 OID 85544)
-- Name: Comments PK_Comments; Type: CONSTRAINT; Schema: public; Owner: postgres
--

ALTER TABLE ONLY public."Comments"
    ADD CONSTRAINT "PK_Comments" PRIMARY KEY ("Id");


--
-- TOC entry 3235 (class 2606 OID 85481)
-- Name: Documents PK_Documents; Type: CONSTRAINT; Schema: public; Owner: postgres
--

ALTER TABLE ONLY public."Documents"
    ADD CONSTRAINT "PK_Documents" PRIMARY KEY ("Id");


--
-- TOC entry 3248 (class 2606 OID 85516)
-- Name: Employees PK_Employees; Type: CONSTRAINT; Schema: public; Owner: postgres
--

ALTER TABLE ONLY public."Employees"
    ADD CONSTRAINT "PK_Employees" PRIMARY KEY ("Id");


--
-- TOC entry 3273 (class 2606 OID 85630)
-- Name: EventMaterials PK_EventMaterials; Type: CONSTRAINT; Schema: public; Owner: postgres
--

ALTER TABLE ONLY public."EventMaterials"
    ADD CONSTRAINT "PK_EventMaterials" PRIMARY KEY ("Id");


--
-- TOC entry 3237 (class 2606 OID 85489)
-- Name: EventTypes PK_EventTypes; Type: CONSTRAINT; Schema: public; Owner: postgres
--

ALTER TABLE ONLY public."EventTypes"
    ADD CONSTRAINT "PK_EventTypes" PRIMARY KEY ("Id");


--
-- TOC entry 3256 (class 2606 OID 85562)
-- Name: Events PK_Events; Type: CONSTRAINT; Schema: public; Owner: postgres
--

ALTER TABLE ONLY public."Events"
    ADD CONSTRAINT "PK_Events" PRIMARY KEY ("Id");


--
-- TOC entry 3259 (class 2606 OID 85580)
-- Name: Materials PK_Materials; Type: CONSTRAINT; Schema: public; Owner: postgres
--

ALTER TABLE ONLY public."Materials"
    ADD CONSTRAINT "PK_Materials" PRIMARY KEY ("Id");


--
-- TOC entry 3262 (class 2606 OID 85593)
-- Name: Messuares PK_Messuares; Type: CONSTRAINT; Schema: public; Owner: postgres
--

ALTER TABLE ONLY public."Messuares"
    ADD CONSTRAINT "PK_Messuares" PRIMARY KEY ("Id");


--
-- TOC entry 3240 (class 2606 OID 85497)
-- Name: Subdivisions PK_Subdivisions; Type: CONSTRAINT; Schema: public; Owner: postgres
--

ALTER TABLE ONLY public."Subdivisions"
    ADD CONSTRAINT "PK_Subdivisions" PRIMARY KEY ("Id");


--
-- TOC entry 3266 (class 2606 OID 85606)
-- Name: Users PK_Users; Type: CONSTRAINT; Schema: public; Owner: postgres
--

ALTER TABLE ONLY public."Users"
    ADD CONSTRAINT "PK_Users" PRIMARY KEY ("Id");


--
-- TOC entry 3242 (class 2606 OID 85508)
-- Name: WorkingCalendars PK_WorkingCalendars; Type: CONSTRAINT; Schema: public; Owner: postgres
--

ALTER TABLE ONLY public."WorkingCalendars"
    ADD CONSTRAINT "PK_WorkingCalendars" PRIMARY KEY ("Id");


--
-- TOC entry 3233 (class 2606 OID 85473)
-- Name: __EFMigrationsHistory PK___EFMigrationsHistory; Type: CONSTRAINT; Schema: public; Owner: postgres
--

ALTER TABLE ONLY public."__EFMigrationsHistory"
    ADD CONSTRAINT "PK___EFMigrationsHistory" PRIMARY KEY ("MigrationId");


--
-- TOC entry 3267 (class 1259 OID 85641)
-- Name: IX_Applicants_EventId; Type: INDEX; Schema: public; Owner: postgres
--

CREATE INDEX "IX_Applicants_EventId" ON public."Applicants" USING btree ("EventId");


--
-- TOC entry 3249 (class 1259 OID 85642)
-- Name: IX_Comments_AuthorId; Type: INDEX; Schema: public; Owner: postgres
--

CREATE INDEX "IX_Comments_AuthorId" ON public."Comments" USING btree ("AuthorId");


--
-- TOC entry 3250 (class 1259 OID 85643)
-- Name: IX_Comments_DocumentId; Type: INDEX; Schema: public; Owner: postgres
--

CREATE INDEX "IX_Comments_DocumentId" ON public."Comments" USING btree ("DocumentId");


--
-- TOC entry 3243 (class 1259 OID 85644)
-- Name: IX_Employees_HeadId; Type: INDEX; Schema: public; Owner: postgres
--

CREATE INDEX "IX_Employees_HeadId" ON public."Employees" USING btree ("HeadId");


--
-- TOC entry 3244 (class 1259 OID 85645)
-- Name: IX_Employees_HelperId; Type: INDEX; Schema: public; Owner: postgres
--

CREATE INDEX "IX_Employees_HelperId" ON public."Employees" USING btree ("HelperId");


--
-- TOC entry 3245 (class 1259 OID 85646)
-- Name: IX_Employees_ManagedId; Type: INDEX; Schema: public; Owner: postgres
--

CREATE INDEX "IX_Employees_ManagedId" ON public."Employees" USING btree ("ManagedId");


--
-- TOC entry 3246 (class 1259 OID 85647)
-- Name: IX_Employees_SubdivisionId; Type: INDEX; Schema: public; Owner: postgres
--

CREATE INDEX "IX_Employees_SubdivisionId" ON public."Employees" USING btree ("SubdivisionId");


--
-- TOC entry 3270 (class 1259 OID 85648)
-- Name: IX_EventMaterials_EventId; Type: INDEX; Schema: public; Owner: postgres
--

CREATE INDEX "IX_EventMaterials_EventId" ON public."EventMaterials" USING btree ("EventId");


--
-- TOC entry 3271 (class 1259 OID 85649)
-- Name: IX_EventMaterials_MaterialId; Type: INDEX; Schema: public; Owner: postgres
--

CREATE INDEX "IX_EventMaterials_MaterialId" ON public."EventMaterials" USING btree ("MaterialId");


--
-- TOC entry 3253 (class 1259 OID 85650)
-- Name: IX_Events_EmployeeId; Type: INDEX; Schema: public; Owner: postgres
--

CREATE INDEX "IX_Events_EmployeeId" ON public."Events" USING btree ("EmployeeId");


--
-- TOC entry 3254 (class 1259 OID 85651)
-- Name: IX_Events_EventTypeId; Type: INDEX; Schema: public; Owner: postgres
--

CREATE INDEX "IX_Events_EventTypeId" ON public."Events" USING btree ("EventTypeId");


--
-- TOC entry 3257 (class 1259 OID 85652)
-- Name: IX_Materials_AutorId; Type: INDEX; Schema: public; Owner: postgres
--

CREATE INDEX "IX_Materials_AutorId" ON public."Materials" USING btree ("AutorId");


--
-- TOC entry 3260 (class 1259 OID 85653)
-- Name: IX_Messuares_AutorId; Type: INDEX; Schema: public; Owner: postgres
--

CREATE INDEX "IX_Messuares_AutorId" ON public."Messuares" USING btree ("AutorId");


--
-- TOC entry 3238 (class 1259 OID 85654)
-- Name: IX_Subdivisions_HeadSubdivisionId; Type: INDEX; Schema: public; Owner: postgres
--

CREATE INDEX "IX_Subdivisions_HeadSubdivisionId" ON public."Subdivisions" USING btree ("HeadSubdivisionId");


--
-- TOC entry 3263 (class 1259 OID 85655)
-- Name: IX_Users_EmployeeId; Type: INDEX; Schema: public; Owner: postgres
--

CREATE INDEX "IX_Users_EmployeeId" ON public."Users" USING btree ("EmployeeId");


--
-- TOC entry 3264 (class 1259 OID 85656)
-- Name: IX_Users_Name; Type: INDEX; Schema: public; Owner: postgres
--

CREATE UNIQUE INDEX "IX_Users_Name" ON public."Users" USING btree ("Name");


--
-- TOC entry 3286 (class 2606 OID 85620)
-- Name: Applicants FK_Applicants_Events_EventId; Type: FK CONSTRAINT; Schema: public; Owner: postgres
--

ALTER TABLE ONLY public."Applicants"
    ADD CONSTRAINT "FK_Applicants_Events_EventId" FOREIGN KEY ("EventId") REFERENCES public."Events"("Id");


--
-- TOC entry 3279 (class 2606 OID 85545)
-- Name: Comments FK_Comments_Documents_DocumentId; Type: FK CONSTRAINT; Schema: public; Owner: postgres
--

ALTER TABLE ONLY public."Comments"
    ADD CONSTRAINT "FK_Comments_Documents_DocumentId" FOREIGN KEY ("DocumentId") REFERENCES public."Documents"("Id");


--
-- TOC entry 3280 (class 2606 OID 85550)
-- Name: Comments FK_Comments_Employees_AuthorId; Type: FK CONSTRAINT; Schema: public; Owner: postgres
--

ALTER TABLE ONLY public."Comments"
    ADD CONSTRAINT "FK_Comments_Employees_AuthorId" FOREIGN KEY ("AuthorId") REFERENCES public."Employees"("Id") ON DELETE CASCADE;


--
-- TOC entry 3275 (class 2606 OID 85517)
-- Name: Employees FK_Employees_Employees_HeadId; Type: FK CONSTRAINT; Schema: public; Owner: postgres
--

ALTER TABLE ONLY public."Employees"
    ADD CONSTRAINT "FK_Employees_Employees_HeadId" FOREIGN KEY ("HeadId") REFERENCES public."Employees"("Id");


--
-- TOC entry 3276 (class 2606 OID 85522)
-- Name: Employees FK_Employees_Employees_HelperId; Type: FK CONSTRAINT; Schema: public; Owner: postgres
--

ALTER TABLE ONLY public."Employees"
    ADD CONSTRAINT "FK_Employees_Employees_HelperId" FOREIGN KEY ("HelperId") REFERENCES public."Employees"("Id");


--
-- TOC entry 3277 (class 2606 OID 85527)
-- Name: Employees FK_Employees_Subdivisions_ManagedId; Type: FK CONSTRAINT; Schema: public; Owner: postgres
--

ALTER TABLE ONLY public."Employees"
    ADD CONSTRAINT "FK_Employees_Subdivisions_ManagedId" FOREIGN KEY ("ManagedId") REFERENCES public."Subdivisions"("Id");


--
-- TOC entry 3278 (class 2606 OID 85532)
-- Name: Employees FK_Employees_Subdivisions_SubdivisionId; Type: FK CONSTRAINT; Schema: public; Owner: postgres
--

ALTER TABLE ONLY public."Employees"
    ADD CONSTRAINT "FK_Employees_Subdivisions_SubdivisionId" FOREIGN KEY ("SubdivisionId") REFERENCES public."Subdivisions"("Id") ON DELETE CASCADE;


--
-- TOC entry 3287 (class 2606 OID 85631)
-- Name: EventMaterials FK_EventMaterials_Events_EventId; Type: FK CONSTRAINT; Schema: public; Owner: postgres
--

ALTER TABLE ONLY public."EventMaterials"
    ADD CONSTRAINT "FK_EventMaterials_Events_EventId" FOREIGN KEY ("EventId") REFERENCES public."Events"("Id") ON DELETE CASCADE;


--
-- TOC entry 3288 (class 2606 OID 85636)
-- Name: EventMaterials FK_EventMaterials_Materials_MaterialId; Type: FK CONSTRAINT; Schema: public; Owner: postgres
--

ALTER TABLE ONLY public."EventMaterials"
    ADD CONSTRAINT "FK_EventMaterials_Materials_MaterialId" FOREIGN KEY ("MaterialId") REFERENCES public."Materials"("Id") ON DELETE CASCADE;


--
-- TOC entry 3281 (class 2606 OID 85563)
-- Name: Events FK_Events_Employees_EmployeeId; Type: FK CONSTRAINT; Schema: public; Owner: postgres
--

ALTER TABLE ONLY public."Events"
    ADD CONSTRAINT "FK_Events_Employees_EmployeeId" FOREIGN KEY ("EmployeeId") REFERENCES public."Employees"("Id") ON DELETE CASCADE;


--
-- TOC entry 3282 (class 2606 OID 85568)
-- Name: Events FK_Events_EventTypes_EventTypeId; Type: FK CONSTRAINT; Schema: public; Owner: postgres
--

ALTER TABLE ONLY public."Events"
    ADD CONSTRAINT "FK_Events_EventTypes_EventTypeId" FOREIGN KEY ("EventTypeId") REFERENCES public."EventTypes"("Id") ON DELETE CASCADE;


--
-- TOC entry 3283 (class 2606 OID 85581)
-- Name: Materials FK_Materials_Employees_AutorId; Type: FK CONSTRAINT; Schema: public; Owner: postgres
--

ALTER TABLE ONLY public."Materials"
    ADD CONSTRAINT "FK_Materials_Employees_AutorId" FOREIGN KEY ("AutorId") REFERENCES public."Employees"("Id") ON DELETE CASCADE;


--
-- TOC entry 3284 (class 2606 OID 85594)
-- Name: Messuares FK_Messuares_Employees_AutorId; Type: FK CONSTRAINT; Schema: public; Owner: postgres
--

ALTER TABLE ONLY public."Messuares"
    ADD CONSTRAINT "FK_Messuares_Employees_AutorId" FOREIGN KEY ("AutorId") REFERENCES public."Employees"("Id");


--
-- TOC entry 3274 (class 2606 OID 85498)
-- Name: Subdivisions FK_Subdivisions_Subdivisions_HeadSubdivisionId; Type: FK CONSTRAINT; Schema: public; Owner: postgres
--

ALTER TABLE ONLY public."Subdivisions"
    ADD CONSTRAINT "FK_Subdivisions_Subdivisions_HeadSubdivisionId" FOREIGN KEY ("HeadSubdivisionId") REFERENCES public."Subdivisions"("Id");


--
-- TOC entry 3285 (class 2606 OID 85607)
-- Name: Users FK_Users_Employees_EmployeeId; Type: FK CONSTRAINT; Schema: public; Owner: postgres
--

ALTER TABLE ONLY public."Users"
    ADD CONSTRAINT "FK_Users_Employees_EmployeeId" FOREIGN KEY ("EmployeeId") REFERENCES public."Employees"("Id") ON DELETE CASCADE;


-- Completed on 2025-02-28 20:39:16

--
-- PostgreSQL database dump complete
--

